category,sarima_order,sarima_seasonal_order,aic,naive_mape_pct,sarima_mape_pct,mape_improvement_pct
Bakery,"(1, 1, 0)","(1, 1, 0, 52)",6.0,11.92,11.56,2.98
Beverages,"(1, 1, 0)","(1, 1, 0, 52)",6.0,12.57,13.65,-8.6
Bread & Grains,"(1, 1, 0)","(1, 1, 0, 52)",6.0,12.06,10.26,14.86
Confectionery,"(1, 1, 0)","(1, 1, 0, 52)",6.0,20.89,10.96,47.53
Dairy,"(1, 1, 0)","(1, 1, 0, 52)",6.0,9.11,7.15,21.43
Frozen Foods,"(1, 1, 0)","(1, 1, 0, 52)",6.0,6.2,5.02,19.08
Health Supplements,"(1, 1, 0)","(1, 1, 0, 52)",6.0,25.7,5.79,77.46
Household Care,"(1, 1, 0)","(1, 1, 0, 52)",6.0,17.41,7.34,57.82
Meat & Seafood,"(1, 1, 0)","(1, 1, 0, 52)",6.0,9.89,13.16,-33.04
Personal Care,"(1, 1, 0)","(1, 1, 0, 52)",6.0,12.37,9.14,26.11
Produce,"(1, 1, 0)","(1, 1, 0, 52)",6.0,9.57,8.1,15.31
Snacks,"(1, 1, 0)","(1, 1, 0, 52)",6.0,7.23,5.8,19.74
